<?xml version='1.0' encoding='UTF-8'?>
<types:mule xmlns:types="http://www.mulesoft.org/schema/mule/types">
  <types:catalog>
    <types:type name="json" format="json">
      <types:shape format="weave" example="examples/addContactRequest.json"><![CDATA[%dw 2.0

type json = {|
  Identification: {|
    FirstName: String, 
    LastName: String, 
    DOB: String, 
    Gender: String, 
    Title: String
  |}, 
  Address: Array<{|    "type ": String,     number: Number {"typeId": "int"},     street: String,     Unit: String,     City: String,     State: String,     zipcode: String  |}>, 
  Communication: Array<{|    "type": String,     value: String,     preferred: String  |}>
|} {"example": "{\"Identification\":{\"FirstName\":\"Bob\",\"LastName\":\"Frederick\",\"DOB\":\"06\/21\/1980\",\"Gender\":\"M\",\"Title\":\"Manager\"},\"Address\":[{\"type \":\"home\",\"number\":1234,\"street\":\"blah blah St\",\"Unit\":\"1 a\",\"City\":\"Somewhere\",\"State\":\"WV\",\"zipcode\":\"12345\"}],\"Communication\":[{\"type\":\"email\",\"value\":\"bfe@sample.com\",\"preferred\":\"true\"},{\"type\":\"cell\",\"value\":\"304-555-8282\"}]}"}

]]></types:shape>
    </types:type>
  </types:catalog>
  <types:enrichment select="#8cf3de9c-d412-4df1-bdf3-2c72e85f73dd">
    <types:processor-declaration>
      <types:input-event>
        <types:message>
          <types:payload type="json"/>
        </types:message>
      </types:input-event>
    </types:processor-declaration>
  </types:enrichment>
</types:mule>