<?xml version="1.0" encoding="UTF-8"?>

<mule xmlns:tracking="http://www.mulesoft.org/schema/mule/ee/tracking"
	xmlns:dw="http://www.mulesoft.org/schema/mule/ee/dw" xmlns:json="http://www.mulesoft.org/schema/mule/json"
	xmlns:doc="http://www.mulesoft.org/schema/mule/documentation" xmlns="http://www.mulesoft.org/schema/mule/core"
	xmlns:apikit="http://www.mulesoft.org/schema/mule/apikit" xmlns:http="http://www.mulesoft.org/schema/mule/http"
	xmlns:spring="http://www.springframework.org/schema/beans" xmlns:xsi="http://www.w3.org/2001/XMLSchema-instance"
	xsi:schemaLocation="http://www.mulesoft.org/schema/mule/core http://www.mulesoft.org/schema/mule/core/current/mule.xsd
http://www.mulesoft.org/schema/mule/http http://www.mulesoft.org/schema/mule/http/current/mule-http.xsd
http://www.mulesoft.org/schema/mule/apikit http://www.mulesoft.org/schema/mule/apikit/current/mule-apikit.xsd
http://www.springframework.org/schema/beans http://www.springframework.org/schema/beans/spring-beans-3.1.xsd
http://www.mulesoft.org/schema/mule/json http://www.mulesoft.org/schema/mule/json/current/mule-json.xsd
http://www.mulesoft.org/schema/mule/ee/dw http://www.mulesoft.org/schema/mule/ee/dw/current/dw.xsd
http://www.mulesoft.org/schema/mule/ee/tracking http://www.mulesoft.org/schema/mule/ee/tracking/current/mule-tracking-ee.xsd">

	<flow name="WRK_getContact">
		<byte-array-to-string-transformer
			doc:name="Byte Array to Object" />
		<json:object-to-json-transformer
			doc:name="Object to JSON" />
		<flow-ref name="DB_Customer_Get" doc:name="DB_Customer_Get" />
		<choice doc:name="Choice">
			<when expression="#[payload == empty]">

				<logger
					message="No Customer exists with customerId :#[flowVars.customerId] !!"
					level="INFO" doc:name="Logger" />
				<set-variable value="Validation Error" doc:name="Set Variable"
					variableName="errorType" />
				<set-variable
					value="No Customer exists with customerId :#[flowVars.customerId] !!"
					doc:name="Set Variable" variableName="errorMessage" />
				<logger level="INFO" doc:name="Logger"
					message="Validation Failed !! #[payload]" />
				<set-property propertyName="http.status" value="#['400']"
					doc:name="Property" />
				<dw:transform-message doc:name="Transform Message">
					<dw:set-payload resource="classpath:dataweave/errorResponse.dwl" />
				</dw:transform-message>
			</when>
			<otherwise>
				<set-variable variableName="customer" value="#[payload.get(0)]"
					doc:name="Variable" />
				<enricher source="#[payload]" target="#[flowVars.communications]"
					doc:name="Message Enricher">
					<flow-ref name="DB_Communication_Get" doc:name="DB_Communication_Get" />
				</enricher>
				<enricher source="#[payload]" target="#[flowVars.addresses]"
					doc:name="Message Enricher">
					<flow-ref name="DB_Address_Get" doc:name="DB_Address_Get" />
				</enricher>
				<dw:transform-message doc:name="Transform Message">
					<dw:set-payload><![CDATA[%dw 1.0
%output application/java
---
{
	"Response": {
		"appName": "contact-management-api",
		"api-method": "getContact",
		"status": "success",
		"payload": {
			"Identification": {
				"FirstName": flowVars.customer.firstName,
				"LastName": flowVars.customer.lastName,
				"DOB":flowVars.customer.dateOfBirth as :date as :string {format: "MM/dd/yyyy"}  when flowVars.customer.dateOfBirth != null otherwise null,
				"Gender": flowVars.customer.gender,
				"Title": flowVars.customer.title
			},
			"Address": flowVars.addresses default [] map {
				"type ": $.type,
				"number": $.addressLine1,
				"street": $.street,
				"Unit": $.addressLine2,
				"City": $.city,
				"State": $.state,
				"zipcode": $.zipCode
			},
			"Communication": flowVars.communications default [] map
				{
				"type": $.type,
				"value": $.value,
				"preferred": $.preferred
			}
		}
	}
}
]]></dw:set-payload>
				</dw:transform-message>
				<set-property propertyName="http.status" value="#['200']"
					doc:name="Property" />
			</otherwise>
		</choice>

	</flow>
	<flow name="WRK_deleteContact">
		<byte-array-to-string-transformer
			doc:name="Byte Array to Object" />
		<json:object-to-json-transformer
			doc:name="Object to JSON" />
		<flow-ref name="DB_Customer_Get" doc:name="DB_Customer_Get" />
		<choice doc:name="Choice">
			<when expression="#[payload == empty]">
				<logger
					message="No Customer exists with customerId :#[flowVars.customerId] !!"
					level="INFO" doc:name="Logger" />
				<set-variable value="Validation Error" doc:name="Set Variable"
					variableName="errorType" />
				<set-variable
					value="No Customer exists with customerId :#[flowVars.customerId] !!"
					doc:name="Set Variable" variableName="errorMessage" />
				<logger level="INFO" doc:name="Logger"
					message="Validation Failed !! #[payload]" />
				<set-property propertyName="http.status" value="#['400']"
					doc:name="Property" />
				<dw:transform-message doc:name="Transform Message">
					<dw:set-payload resource="classpath:dataweave/errorResponse.dwl" />
				</dw:transform-message>
			</when>
			<otherwise>
				<transactional action="ALWAYS_BEGIN" doc:name="Transactional">
					<foreach doc:name="For Each">
						<flow-ref name="DB_Address_Delete" doc:name="DB_Address_Delete" />
					</foreach>
					<foreach doc:name="For Each">
						<flow-ref name="DB_Communication_Delete" doc:name="DB_Communication_Delete" />
					</foreach>
					<flow-ref name="DB_Customer_Delete" doc:name="DB_Customer_Delete" />
				</transactional>
				<set-property propertyName="http.status" value="#['200']"
					doc:name="Property" />

				<dw:transform-message doc:name="Transform Message">
					<dw:set-payload><![CDATA[%dw 1.0
%output application/java
---
{
	"Response": {
		"appName": "contact-management-api",
		"api-method": "deleteContact",
		"status": "success",
		"payload": {
			"customerId": flowVars.customerId,
			"correlationId":flowVars.correlationId,
			"message": "Contact deleted successfully."
		}
	}
}

]]></dw:set-payload>
				</dw:transform-message>
			</otherwise>
		</choice>

	</flow>
	<flow name="WRK_addContact">
		<byte-array-to-string-transformer
			doc:name="Byte Array to Object" />
		<json:object-to-json-transformer
			doc:name="Object to JSON" />
		<logger level="INFO" doc:name="Logger"
			message="Incoming payload in #[flow.name] is #[payload]" />

		<set-variable value="#[payload]" doc:name="Set Variable"
			variableName="requestPayload" />

		<set-variable variableName="schemaName" doc:name="Set Variable"
			value="contactRequest-schema.json" />

		<component class="com.customer.validator.RequestValidator"
			doc:name="RequestValidator" />
		<choice doc:name="Choice">
			<when expression="#[payload == 'empty' || payload == '']">
				<logger level="INFO" doc:name="Logger" message="Schema validation successful." />
				<set-payload value="#[flowVars.requestPayload]"
					doc:name="Set Payload" mimeType="application/json" />
				<dw:transform-message doc:name="Transform Message">
					<dw:set-payload><![CDATA[%dw 1.0
%input payload application/json
%output application/json
---
{
	"customer": {

		"firstName": payload.Identification.FirstName,
		"lastName": payload.Identification.LastName,
		"dateOfBirth": payload.Identification.DOB  as :date {format: "MM/dd/yyyy"}  as :date {format: "yyyy-MM-dd"}  as :string,
		"gender": payload.Identification.Gender,
		"title": payload.Identification.Title
	},
	"addresses":  payload.Address default []  map ((address, index) -> {
		"type": address.'type',
		"addressLine1": address.number,
		"addressLine2":address.Unit,
		"street": address.street,
		"city": address.City,
		"state": address.State,
		"zipCode": address.zipcode
	}),
	"communications":  payload.Communication default [] map ((communication,index) ->{
			"type": communication.'type',
			"value": communication.value,
	  		"preferred" : 1 when communication.preferred == "true" otherwise 0
		})
}]]></dw:set-payload>
				</dw:transform-message>
				<logger level="INFO" doc:name="Logger"
					message="The transformed p[ayload is :#[payload]" />
				<json:json-to-object-transformer
					returnClass="java.util.Map" doc:name="JSON to Object" />
				<set-variable value="#[payload]" doc:name="Set Variable"
					variableName="requestCanon" />
				<set-payload value="#[flowVars.requestCanon]" doc:name="Set Payload" />
				<transactional action="ALWAYS_BEGIN" doc:name="Transactional">
					<flow-ref name="DB_Customer_Insert" doc:name="DB_Customer_Insert" />
					<foreach collection="#[flowVars.requestCanon.addresses]"
						doc:name="For Each">
						<flow-ref name="DB_Address_Insert" doc:name="DB_Adress_Insert" />
					</foreach>
					<foreach collection="#[flowVars.requestCanon.communications]"
						doc:name="For Each">
						<flow-ref name="DB_Communication_Insert" doc:name="DB_Communication_Insert" />
					</foreach>
				</transactional>
				<dw:transform-message doc:name="Transform Message">
					<dw:input-payload doc:sample="sample_data/json.json" />
					<dw:set-payload><![CDATA[%dw 1.0
%output application/java
---
{
	Response: {
		appName: "contact-management-api",
		"api-method": "addContact",
		status: "success",
		payload: {
			customerId: flowVars.customerId,
			correlationId: flowVars.correlationId,
			message: "Contact added successfully."
		}
	}
}]]></dw:set-payload>
				</dw:transform-message>
			</when>
			<otherwise>
				<set-variable value="Validation Error" doc:name="Set Variable"
					variableName="errorType" />
				<set-variable value="#[payload]" doc:name="Set Variable"
					variableName="errorMessage" />
				<logger level="INFO" doc:name="Logger"
					message="Validation Failed !! #[payload]" />
				<dw:transform-message doc:name="Transform Message">
					<dw:set-payload resource="classpath:dataweave/errorResponse.dwl" />
				</dw:transform-message>
			</otherwise>
		</choice>
		<logger level="INFO" doc:name="Logger"
			message="The response from #[flow.name] is #[payload]" />
	</flow>
	<flow name="WRK_updateContact">
		<byte-array-to-string-transformer
			doc:name="Byte Array to Object" />
		<json:object-to-json-transformer
			doc:name="Object to JSON" />
		<logger level="INFO" doc:name="Logger"
			message="Incoming payload in #[flow.name] is #[payload]" />

		<set-variable value="#[payload]" doc:name="Set Variable"
			variableName="requestPayload" />

		<set-variable variableName="schemaName" doc:name="Set Variable"
			value="contactRequest-schema.json" />

		<component class="com.customer.validator.RequestValidator"
			doc:name="RequestValidator" />
		<choice doc:name="Choice">
			<when expression="#[payload == 'empty' || payload == '']">
				<logger level="INFO" doc:name="Logger" message="Schema validation successful." />
				<set-payload value="#[flowVars.requestPayload]"
					doc:name="Set Payload" mimeType="application/json" />
				<dw:transform-message doc:name="Transform Message">
					<dw:set-payload><![CDATA[%dw 1.0
%input payload application/json
%output application/json
---
{
	"customer": {

		"firstName": payload.Identification.FirstName,
		"lastName": payload.Identification.LastName,
		"dateOfBirth": payload.Identification.DOB  as :date {format: "MM/dd/yyyy"}  as :date {format: "yyyy-MM-dd"}  as :string,
		"gender": payload.Identification.Gender,
		"title": payload.Identification.Title
	},
	"addresses":  payload.Address default []  map ((address, index) -> {
		"type": address.'type',
		"addressLine1": address.number,
		"addressLine2":address.Unit,
		"street": address.street,
		"city": address.City,
		"state": address.State,
		"zipCode": address.zipcode
	}),
	"communications":  payload.Communication default [] map ((communication,index) ->{
			"type": communication.'type',
			"value": communication.value,
	  		"preferred" : 1 when communication.preferred == "true" otherwise 0
		})
}]]></dw:set-payload>
				</dw:transform-message>
				<logger level="INFO" doc:name="Logger"
					message="The transformed p[ayload is :#[payload]" />
				<json:json-to-object-transformer
					returnClass="java.util.Map" doc:name="JSON to Object" />
				<set-variable value="#[payload]" doc:name="Set Variable"
					variableName="requestCanon" />
				<set-payload value="#[flowVars.requestCanon]" doc:name="Set Payload" />
				<transactional action="ALWAYS_BEGIN" doc:name="Transactional">
					<flow-ref name="DB_Customer_Update" doc:name="DB_Customer_Update" />
					<foreach collection="#[flowVars.requestCanon.addresses]"
						doc:name="For Each">
						<flow-ref name="DB_Address_Update" doc:name="DB_Adress_Update" />
					</foreach>
					<foreach collection="#[flowVars.requestCanon.communications]"
						doc:name="For Each">
						<flow-ref name="DB_Communication_Update" doc:name="DB_Communication_Update" />
					</foreach>
				</transactional>
				<dw:transform-message doc:name="Transform Message">
					<dw:input-payload doc:sample="sample_data/json.json" />
					<dw:set-payload><![CDATA[%dw 1.0
%output application/java
---
{
	Response: {
		appName: "contact-management-api",
		"api-method": "updateContact",
		status: "success",
		payload: {
			customerId: flowVars.customerId,
			correlationId: flowVars.correlationId,
			message: "Contact updateed successfully."
		}
	}
}]]></dw:set-payload>
				</dw:transform-message>
			</when>
			<otherwise>
				<set-variable value="Validation Error" doc:name="Set Variable"
					variableName="errorType" />
				<set-variable value="#[payload]" doc:name="Set Variable"
					variableName="errorMessage" />
				<logger level="INFO" doc:name="Logger"
					message="Validation Failed !! #[payload]" />
				<dw:transform-message doc:name="Transform Message">
					<dw:set-payload resource="classpath:dataweave/errorResponse.dwl" />
				</dw:transform-message>
			</otherwise>
		</choice>
		<logger level="INFO" doc:name="Logger"
			message="The response from #[flow.name] is #[payload]" />
	</flow>

	<flow name="WRK_getAddress">
		<byte-array-to-string-transformer
			doc:name="Byte Array to Object" />
		<json:object-to-json-transformer
			doc:name="Object to JSON" />
		<flow-ref name="DB_Address_Get" doc:name="DB_Address_Get" />
		<choice doc:name="Choice">
			<when expression="#[payload == empty]">

				<logger
					message="No #[flowVars.addressType]  address exists for this customer!!"
					level="INFO" doc:name="Logger" />
				<set-variable value="Validation Error" doc:name="Set Variable"
					variableName="errorType" />
				<set-variable
					value="No #[flowVars.addressType]  address exists for this customer!!"
					doc:name="Set Variable" variableName="errorMessage" />
				<logger level="INFO" doc:name="Logger"
					message="Validation Failed !! #[payload]" />
				<set-property propertyName="http.status" value="#['400']"
					doc:name="Property" />
				<dw:transform-message doc:name="Transform Message">
					<dw:set-payload resource="classpath:dataweave/errorResponse.dwl" />
				</dw:transform-message>
			</when>
			<otherwise>
				<set-variable variableName="addresses" value="#[payload.get(0)]"
					doc:name="Variable" />
				<enricher source="#[payload]" target="#[flowVars.communications]"
					doc:name="Message Enricher">
					<flow-ref name="DB_Communication_Get" doc:name="DB_Communication_Get" />
				</enricher>
				<enricher source="#[payload]" target="#[flowVars.addresses]"
					doc:name="Message Enricher">
					<flow-ref name="DB_Address_Get" doc:name="DB_Address_Get" />
				</enricher>
				<dw:transform-message doc:name="Transform Message">
					<dw:set-payload><![CDATA[%dw 1.0
%output application/java
---
{
	"Response": {
		"appName": "contact-management-api",
		"api-method": "getAddress",
		"status": "success",
		"payload": flowVars.addresses default [] map {
				"type ": $.type,
				"number": $.addressLine1,
				"street": $.street,
				"Unit": $.addressLine2,
				"City": $.city,
				"State": $.state,
				"zipcode": $.zipCode
		}
	}
}
]]></dw:set-payload>
				</dw:transform-message>
				<set-property propertyName="http.status" value="#['200']"
					doc:name="Property" />
			</otherwise>
		</choice>

	</flow>
	<flow name="WRK_deleteAddress">
		<byte-array-to-string-transformer
			doc:name="Byte Array to Object" />
		<json:object-to-json-transformer
			doc:name="Object to JSON" />
		<flow-ref name="DB_Address_Get" doc:name="DB_Address_Get" />
		<choice doc:name="Choice">
			<when expression="#[payload == empty]">
				<logger
					message="No #[flowVars.addressType]  address exists for this customer!!"
					level="INFO" doc:name="Logger" />
				<set-variable value="Validation Error" doc:name="Set Variable"
					variableName="errorType" />
				<set-variable
					value="No #[flowVars.addressType]  address exists for this customer!!"
					doc:name="Set Variable" variableName="errorMessage" />
				<logger level="INFO" doc:name="Logger"
					message="Validation Failed !! #[payload]" />
				<set-property propertyName="http.status" value="#['400']"
					doc:name="Property" />
				<dw:transform-message doc:name="Transform Message">
					<dw:set-payload resource="classpath:dataweave/errorResponse.dwl" />
				</dw:transform-message>
			</when>
			<otherwise>
				<flow-ref name="DB_Address_Delete" doc:name="DB_Address_Delete" />
				<set-property propertyName="http.status" value="#['200']"
					doc:name="Property" />

				<dw:transform-message doc:name="Transform Message">
					<dw:set-payload><![CDATA[%dw 1.0
%output application/java
---
{
	"Response": {
		"appName": "contact-management-api",
		"api-method": "deleteAddress",
		"status": "success",
		"payload": {
		
			"correlationId":flowVars.correlationId,
			"message": "Address deleted successfully."
		}
	}
}

]]></dw:set-payload>
				</dw:transform-message>
			</otherwise>
		</choice>

	</flow>
	<flow name="WRK_addAddress">
		<byte-array-to-string-transformer
			doc:name="Byte Array to Object" />
		<json:object-to-json-transformer
			doc:name="Object to JSON" />
		<logger level="INFO" doc:name="Logger"
			message="Incoming payload in #[flow.name] is #[payload]" />

		<set-variable value="#[payload]" doc:name="Set Variable"
			variableName="requestPayload" />

		<set-variable variableName="schemaName" doc:name="Set Variable"
			value="addressRequest-schema.json" />

		<component class="com.customer.validator.RequestValidator"
			doc:name="RequestValidator" />
		<choice doc:name="Choice">
			<when expression="#[payload == 'empty' || payload == '']">
				<logger level="INFO" doc:name="Logger" message="Schema validation successful." />
				<set-payload value="#[flowVars.requestPayload]"
					doc:name="Set Payload" mimeType="application/json" />
				<dw:transform-message doc:name="Transform Message">
					<dw:set-payload><![CDATA[%dw 1.0
%output application/json
---
{
 
		"type": payload.'type',
		"addressLine1":  payload.number,
		"addressLine2":  payload.Unit,
		"street":  payload.street,
		"city":  payload.City,
		"state":  payload.State,
		"zipCode":  payload.zipcode
	}
	]]></dw:set-payload>
				</dw:transform-message>
				<logger level="INFO" doc:name="Logger"
					message="The transformed p[ayload is :#[payload]" />
				<json:json-to-object-transformer
					returnClass="java.util.Map" doc:name="JSON to Object" />
				<set-variable value="#[payload]" doc:name="Set Variable"
					variableName="requestCanon" />
				<set-payload value="#[flowVars.requestCanon]" doc:name="Set Payload" />
				<flow-ref name="DB_Address_Insert" doc:name="DB_Adress_Insert" />
				<dw:transform-message doc:name="Transform Message">
					<dw:input-payload doc:sample="sample_data/json.json" />
					<dw:set-payload><![CDATA[%dw 1.0
%output application/java
---
{
	Response: {
		appName: "contact-management-api",
		"api-method": "addAddress",
		status: "success",
		payload: {
			customerId: flowVars.customerId,
			correlationId: flowVars.correlationId,
			message: "Address added successfully."
		}
	}
}]]></dw:set-payload>
				</dw:transform-message>
			</when>
			<otherwise>
				<set-variable value="Validation Error" doc:name="Set Variable"
					variableName="errorType" />
				<set-variable value="#[payload]" doc:name="Set Variable"
					variableName="errorMessage" />
				<logger level="INFO" doc:name="Logger"
					message="Validation Failed !! #[payload]" />
				<dw:transform-message doc:name="Transform Message">
					<dw:set-payload resource="classpath:dataweave/errorResponse.dwl" />
				</dw:transform-message>
			</otherwise>
		</choice>
		<logger level="INFO" doc:name="Logger"
			message="The response from #[flow.name] is #[payload]" />
	</flow>
	<flow name="WRK_updateAddress">
		<byte-array-to-string-transformer
			doc:name="Byte Array to Object" />
		<json:object-to-json-transformer
			doc:name="Object to JSON" />
		<logger level="INFO" doc:name="Logger"
			message="Incoming payload in #[flow.name] is #[payload]" />

		<set-variable value="#[payload]" doc:name="Set Variable"
			variableName="requestPayload" />

		<set-variable variableName="schemaName" doc:name="Set Variable"
			value="addressRequest-schema.json" />

		<component class="com.customer.validator.RequestValidator"
			doc:name="RequestValidator" />
		<choice doc:name="Choice">
			<when expression="#[payload == 'empty' || payload == '']">
				<logger level="INFO" doc:name="Logger" message="Schema validation successful." />
				<set-payload value="#[flowVars.requestPayload]"
					doc:name="Set Payload" mimeType="application/json" />
				<dw:transform-message doc:name="Transform Message">
					<dw:set-payload><![CDATA[%dw 1.0
%output application/json
---
{
 
		"type": payload.'type',
		"addressLine1":  payload.number,
		"addressLine2":  payload.Unit,
		"street":  payload.street,
		"city":  payload.City,
		"state":  payload.State,
		"zipCode":  payload.zipcode
	}
	]]></dw:set-payload>
				</dw:transform-message>
				<logger level="INFO" doc:name="Logger"
					message="The transformed p[ayload is :#[payload]" />
				<json:json-to-object-transformer
					returnClass="java.util.Map" doc:name="JSON to Object" />
				<set-variable value="#[payload]" doc:name="Set Variable"
					variableName="requestCanon" />
				<set-payload value="#[flowVars.requestCanon]" doc:name="Set Payload" />
				<flow-ref name="DB_Address_Update" doc:name="DB_Adress_Update" />
				<dw:transform-message doc:name="Transform Message">
					<dw:input-payload doc:sample="sample_data/json.json" />
					<dw:set-payload><![CDATA[%dw 1.0
%output application/java
---
{
	Response: {
		appName: "contact-management-api",
		"api-method": "addAddress",
		status: "success",
		payload: {
			customerId: flowVars.customerId,
			correlationId: flowVars.correlationId,
			message: "Address updated successfully."
		}
	}
}]]></dw:set-payload>
				</dw:transform-message>
			</when>
			<otherwise>
				<set-variable value="Validation Error" doc:name="Set Variable"
					variableName="errorType" />
				<set-variable value="#[payload]" doc:name="Set Variable"
					variableName="errorMessage" />
				<logger level="INFO" doc:name="Logger"
					message="Validation Failed !! #[payload]" />
				<dw:transform-message doc:name="Transform Message">
					<dw:set-payload resource="classpath:dataweave/errorResponse.dwl" />
				</dw:transform-message>
			</otherwise>
		</choice>
		<logger level="INFO" doc:name="Logger"
			message="The response from #[flow.name] is #[payload]" />
	</flow>

	<flow name="WRK_getCommunication">
		<byte-array-to-string-transformer
			doc:name="Byte Array to Object" />
		<json:object-to-json-transformer
			doc:name="Object to JSON" />
		<flow-ref name="DB_Communication_Get" doc:name="DB_Communication_Get" />
		<choice doc:name="Choice">
			<when expression="#[payload == empty]">

				<logger
					message="No #[flowVars.communicationType]  communication exists for this customer!!"
					level="INFO" doc:name="Logger" />
				<set-variable value="Validation Error" doc:name="Set Variable"
					variableName="errorType" />
				<set-variable
					value="No #[flowVars.communicationType]  communication exists for this customer!!"
					doc:name="Set Variable" variableName="errorMessage" />
				<logger level="INFO" doc:name="Logger"
					message="Validation Failed !! #[payload]" />
				<set-property propertyName="http.status" value="#['400']"
					doc:name="Property" />
				<dw:transform-message doc:name="Transform Message">
					<dw:set-payload resource="classpath:dataweave/errorResponse.dwl" />
				</dw:transform-message>
			</when>
			<otherwise>
				<set-variable variableName="communicationes" value="#[payload.get(0)]"
					doc:name="Variable" />
				<enricher source="#[payload]" target="#[flowVars.communications]"
					doc:name="Message Enricher">
					<flow-ref name="DB_Communication_Get" doc:name="DB_Communication_Get" />
				</enricher>
				<enricher source="#[payload]" target="#[flowVars.communicationes]"
					doc:name="Message Enricher">
					<flow-ref name="DB_Communication_Get" doc:name="DB_Communication_Get" />
				</enricher>
				<dw:transform-message doc:name="Transform Message">
					<dw:set-payload><![CDATA[%dw 1.0
%output application/java
---
{
	"Response": {
		"appName": "contact-management-api",
		"api-method": "getCommunication",
		"status": "success",
		"payload": flowVars.communicationes default [] map {
				"type ": $.type,
				"value": $.value,
				"preferred": $.preferred
		}
	}
}
]]></dw:set-payload>
				</dw:transform-message>
				<set-property propertyName="http.status" value="#['200']"
					doc:name="Property" />
			</otherwise>
		</choice>

	</flow>
	<flow name="WRK_deleteCommunication">
		<byte-array-to-string-transformer
			doc:name="Byte Array to Object" />
		<json:object-to-json-transformer
			doc:name="Object to JSON" />
		<flow-ref name="DB_Communication_Get" doc:name="DB_Communication_Get" />
		<choice doc:name="Choice">
			<when expression="#[payload == empty]">
				<logger
					message="No #[flowVars.communicationType]  communication exists for this customer!!"
					level="INFO" doc:name="Logger" />
				<set-variable value="Validation Error" doc:name="Set Variable"
					variableName="errorType" />
				<set-variable
					value="No #[flowVars.communicationType]  communication exists for this customer!!"
					doc:name="Set Variable" variableName="errorMessage" />
				<logger level="INFO" doc:name="Logger"
					message="Validation Failed !! #[payload]" />
				<set-property propertyName="http.status" value="#['400']"
					doc:name="Property" />
				<dw:transform-message doc:name="Transform Message">
					<dw:set-payload resource="classpath:dataweave/errorResponse.dwl" />
				</dw:transform-message>
			</when>
			<otherwise>
				<flow-ref name="DB_Communication_Delete" doc:name="DB_Communication_Delete" />
				<set-property propertyName="http.status" value="#['200']"
					doc:name="Property" />

				<dw:transform-message doc:name="Transform Message">
					<dw:set-payload><![CDATA[%dw 1.0
%output application/java
---
{
	"Response": {
		"appName": "contact-management-api",
		"api-method": "deleteCommunication",
		"status": "success",
		"payload": {
			"correlationId":flowVars.correlationId,
			"message": "Communication deleted successfully."
		}
	}
}

]]></dw:set-payload>
				</dw:transform-message>
			</otherwise>
		</choice>

	</flow>
	<flow name="WRK_addCommunication">
		<byte-array-to-string-transformer
			doc:name="Byte Array to Object" />
		<json:object-to-json-transformer
			doc:name="Object to JSON" />
		<logger level="INFO" doc:name="Logger"
			message="Incoming payload in #[flow.name] is #[payload]" />

		<set-variable value="#[payload]" doc:name="Set Variable"
			variableName="requestPayload" />

		<set-variable variableName="schemaName" doc:name="Set Variable"
			value="communicationRequest-schema.json" />

		<component class="com.customer.validator.RequestValidator"
			doc:name="RequestValidator" />
		<choice doc:name="Choice">
			<when expression="#[payload == 'empty' || payload == '']">
				<logger level="INFO" doc:name="Logger" message="Schema validation successful." />
				<set-payload value="#[flowVars.requestPayload]"
					doc:name="Set Payload" mimeType="application/json" />
				<dw:transform-message doc:name="Transform Message">
					<dw:set-payload><![CDATA[%dw 1.0
%output application/json
---
{
		"type": payload.'type',
		"value":  payload.value,
		"preferred": 1 when communication.preferred == "true" otherwise 0
	}
	]]></dw:set-payload>
				</dw:transform-message>
				<logger level="INFO" doc:name="Logger"
					message="The transformed p[ayload is :#[payload]" />
				<json:json-to-object-transformer
					returnClass="java.util.Map" doc:name="JSON to Object" />
				<set-variable value="#[payload]" doc:name="Set Variable"
					variableName="requestCanon" />
				<set-payload value="#[flowVars.requestCanon]" doc:name="Set Payload" />
				<flow-ref name="DB_Communication_Insert" doc:name="DB_Adress_Insert" />
				<dw:transform-message doc:name="Transform Message">
					<dw:input-payload doc:sample="sample_data/json.json" />
					<dw:set-payload><![CDATA[%dw 1.0
%output application/java
---
{
	Response: {
		appName: "contact-management-api",
		"api-method": "addCommunication",
		status: "success",
		payload: {
			customerId: flowVars.customerId,
			correlationId: flowVars.correlationId,
			message: "Communication added successfully."
		}
	}
}]]></dw:set-payload>
				</dw:transform-message>
			</when>
			<otherwise>
				<set-variable value="Validation Error" doc:name="Set Variable"
					variableName="errorType" />
				<set-variable value="#[payload]" doc:name="Set Variable"
					variableName="errorMessage" />
				<logger level="INFO" doc:name="Logger"
					message="Validation Failed !! #[payload]" />
				<dw:transform-message doc:name="Transform Message">
					<dw:set-payload resource="classpath:dataweave/errorResponse.dwl" />
				</dw:transform-message>
			</otherwise>
		</choice>
		<logger level="INFO" doc:name="Logger"
			message="The response from #[flow.name] is #[payload]" />
	</flow>
	<flow name="WRK_updateCommunication">
		<byte-array-to-string-transformer
			doc:name="Byte Array to Object" />
		<json:object-to-json-transformer
			doc:name="Object to JSON" />
		<logger level="INFO" doc:name="Logger"
			message="Incoming payload in #[flow.name] is #[payload]" />

		<set-variable value="#[payload]" doc:name="Set Variable"
			variableName="requestPayload" />

		<set-variable variableName="schemaName" doc:name="Set Variable"
			value="communicationRequest-schema.json" />

		<component class="com.customer.validator.RequestValidator"
			doc:name="RequestValidator" />
		<choice doc:name="Choice">
			<when expression="#[payload == 'empty' || payload == '']">
				<logger level="INFO" doc:name="Logger" message="Schema validation successful." />
				<set-payload value="#[flowVars.requestPayload]"
					doc:name="Set Payload" mimeType="application/json" />
				<dw:transform-message doc:name="Transform Message">
					<dw:set-payload><![CDATA[%dw 1.0
%input payload application/json
%output application/json
---

 {
		"type": payload.'type',
		"value":  payload.value,
		"preferred": 1 when communication.preferred == "true" otherwise 0
	}
	]]></dw:set-payload>
				</dw:transform-message>
				<logger level="INFO" doc:name="Logger"
					message="The transformed payload is :#[payload]" />
				<json:json-to-object-transformer
					returnClass="java.util.Map" doc:name="JSON to Object" />
				<set-variable value="#[payload]" doc:name="Set Variable"
					variableName="requestCanon" />
				<set-payload value="#[flowVars.requestCanon]" doc:name="Set Payload" />
				<flow-ref name="DB_Communication_Insert" doc:name="DB_Adress_Update" />
				<dw:transform-message doc:name="Transform Message">
					<dw:input-payload doc:sample="sample_data/json.json" />
					<dw:set-payload><![CDATA[%dw 1.0
%output application/java
---
{
	Response: {
		appName: "contact-management-api",
		"api-method": "addCommunication",
		status: "success",
		payload: {
			customerId: flowVars.customerId,
			correlationId: flowVars.correlationId,
			message: "Communication added successfully."
		}
	}
}]]></dw:set-payload>
				</dw:transform-message>
			</when>
			<otherwise>
				<set-variable value="Validation Error" doc:name="Set Variable"
					variableName="errorType" />
				<set-variable value="#[payload]" doc:name="Set Variable"
					variableName="errorMessage" />
				<logger level="INFO" doc:name="Logger"
					message="Validation Failed !! #[payload]" />
				<dw:transform-message doc:name="Transform Message">
					<dw:set-payload resource="classpath:dataweave/errorResponse.dwl" />
				</dw:transform-message>
			</otherwise>
		</choice>
		<logger level="INFO" doc:name="Logger"
			message="The response from #[flow.name] is #[payload]" />
	</flow>


</mule>
